id;fachrichtung;modul_id;thema;typ;frage;option_a;option_b;option_c;option_d;antwort;erklaerung;schwierigkeit;quelle
DVK-CLD-001;DVK;DVK-CLD;Cloud-Modelle;SC;Welches Cloud-Servicemodell stellt fertige Anwendungen über das Internet bereit?;IaaS;PaaS;SaaS;FaaS;c;SaaS (Software as a Service) liefert fertige Anwendungen (z. B. Office 365). IaaS liefert Infrastruktur, PaaS eine Plattform.;leicht;Rahmenlehrplan DVK
DVK-CLD-002;DVK;DVK-CLD;Edge-Computing;SC;Was kennzeichnet Edge-Computing?;Daten werden nah an der Entstehung (Gerät/Gateway) verarbeitet statt in der zentralen Cloud;Alle Daten werden ausschließlich in der Cloud gespeichert;Daten werden per Post versendet;Edge-Computing benötigt keine Hardware;a;Edge-Computing verarbeitet Daten dezentral nahe der Quelle. Das reduziert Latenz und Datenvolumen zur Cloud – wichtig für Echtzeitanwendungen.;mittel;Rahmenlehrplan DVK
DVK-CLD-003;DVK;DVK-CLD;Container;SC;Welcher Vorteil spricht für den Einsatz von Containern (z. B. Docker) in Produktionsumgebungen?;Einheitliche, reproduzierbare Laufzeitumgebungen;Container ersetzen die Hardware vollständig;Container benötigen kein Betriebssystem;Container sind immer sicher ohne Konfiguration;a;Container bündeln Anwendung und Abhängigkeiten in reproduzierbaren Images – gleiches Verhalten in Entwicklung und Produktion.;mittel;Rahmenlehrplan DVK
DVK-CLD-004;DVK;DVK-CLD;Cloud-Betrieb;SC;Was ist ein wichtiger Vorteil von Cloud-Diensten für Unternehmen?;Skalierung der Ressourcen nach Bedarf ohne eigene Hardware-Investition;Keinerlei Kosten entstehen;Daten sind automatisch vor jedem Zugriff geschützt;Die Internetverbindung wird überflüssig;a;Cloud-Dienste skalieren elastisch nach Bedarf und verschieben Investitionen in Betriebskosten. Sicherheit und Konnektivität müssen weiter betrieben werden.;mittel;Rahmenlehrplan DVK
DVK-CLD-005;DVK;DVK-CLD;OT-Cloud;SC;Warum werden industrielle Steuerungsdaten oft zuerst in einem Edge-Gateway verarbeitet?;Um Latenzzeiten zu senken und kritische Funktionen lokal abzusichern;Weil Gateways keine Netzwerkverbindung haben;Weil Sensoren keine Daten erzeugen;Um die Daten dauerhaft zu löschen;a;Edge-Gateways puffern und verarbeiten Daten lokal, bevor sie selektiv in die Cloud übertragen werden – entscheidend für Echtzeit und Ausfallsicherheit.;schwer;Rahmenlehrplan DVK
DVK-CLD-006;DVK;DVK-CLD;Datenschutz;SC;Welche Anforderung ist bei der Verarbeitung von Produktionsdaten in der Cloud besonders zu beachten?;Datenschutz- und Compliance-Vorgaben (z. B. DSGVO, Standortwahl);Die Farbe der Cloud-Oberfläche;Die Anzahl der Mitarbeiter im Rechenzentrum;Die Größe der Cloud-Anbieter-Logos;a;Cloud-Nutzung erfordert die Beachtung datenschutzrechtlicher Vorgaben: Auftragsverarbeitung, Standort, Übermittlung in Drittländer.;mittel;Rahmenlehrplan DVK
DVK-CLD-007;DVK;DVK-CLD;Architektur;MC;Welche Architekturmuster werden im IoT-/Edge-Umfeld typisch kombiniert?;Device-to-Edge;Edge-to-Cloud;Cloud-Analytics;Keine – Muster dürfen nicht kombiniert werden;a,b,c;Typische Muster sind die Verarbeitung am Gerät (Edge), die Weiterleitung in die Cloud und zentrale Analysen. Die Muster werden kombiniert genutzt.;mittel;Rahmenlehrplan DVK
DVK-CLD-008;DVK;DVK-CLD;Virtualisierung;SC;Was ist der Unterschied zwischen einer VM und einem Container?;Die VM virtualisiert Hardware inklusive eigenem Gast-OS, der Container teilt den Host-Kernel;Es gibt keinen Unterschied;Container virtualisieren Hardware, VMs teilen den Kernel;VMs sind immer schneller als Container;a;VMs benötigen ein eigenes Gastbetriebssystem (Hypervisor), Container teilen den Kernel des Hosts und sind daher ressourcenschonender.;mittel;Rahmenlehrplan DVK
DVK-CLD-009;DVK;DVK-CLD;Betriebskonzept;FT;Wie nennt man die Betriebsform, bei der ein Unternehmen eigene und fremde Cloud-Ressourcen kombiniert nutzt?;;;;;Hybrid Cloud;Hybrid Cloud verbindet Private Cloud (eigene Infrastruktur) und Public Cloud (externer Anbieter) zu einer gemeinsamen Betriebsform.;mittel;Rahmenlehrplan DVK
DVK-CLD-010;DVK;DVK-CLD;Digitalisierung;SC;Welcher Nutzen entsteht typischerweise durch die Anbindung von Maschinendaten an die Cloud?;Langfristige Analysen und Optimierung über alle Anlagen hinweg;Sofortige physische Wartung ohne Daten;Wegfall aller Sicherheitsmaßnahmen;Verzicht auf lokale Steuerungen;a;Cloud-Analysen über Maschinendaten ermöglichen übergreifende Optimierung, Qualitätsanalysen und vorausschauende Wartung.;mittel;Rahmenlehrplan DVK
DVK-CLD-011;DVK;DVK-CLD;Cloud-Modelle;SC;Was kennzeichnet Function-as-a-Service (Serverless)?;Der Anbieter verwaltet die Infrastruktur und rechnet nach Nutzung ab;Der Nutzer verwaltet eigene Server;Es gibt keinen Anbieter;Es können keine Funktionen ausgeführt werden;a;"Bei Serverless/FaaS kümmert sich der Anbieter um Server und Skalierung; abgerechnet wird die tatsächliche Nutzung.";schwer;Rahmenlehrplan DVK
DVK-CLD-012;DVK;DVK-CLD;Betriebskonzept;SC;Was bedeutet horizontale Skalierung?;Zusätzliche Instanzen (Server) hinzufügen;Die CPU eines Servers aufrüsten;Die Festplatte vergrößern;Den Arbeitsspeicher erweitern;a;"Horizontale Skalierung fügt weitere Instanzen hinzu; vertikale Skalierung verstärkt eine einzelne Maschine (mehr CPU/RAM).";mittel;Rahmenlehrplan DVK
DVK-CLD-013;DVK;DVK-CLD;Betriebskonzept;SC;Wofür steht SLA in der Cloud?;Service Level Agreement – zugesicherte Leistungsparameter;Secure Login Access;Server Load Average;System Log Archive;a;Ein SLA legt zugesicherte Leistungen fest, z. B. Verfügbarkeit in Prozent und Reaktionszeiten bei Störungen.;mittel;Rahmenlehrplan DVK
DVK-CLD-014;DVK;DVK-CLD;Kosten;SC;Welche Kostenart entsteht typischerweise durch Cloud-Nutzung statt eigener Hardware?;Laufende Betriebskosten (OPEX) statt Investitionen (CAPEX);Keine Kosten;Nur Einmalkosten;Ausschließlich Stromkosten;a;Cloud verschiebt Investitionen (CAPEX) zu laufenden Betriebskosten (OPEX), abhängig von der Nutzung.;mittel;Rahmenlehrplan DVK
DVK-CLD-015;DVK;DVK-CLD;Datenschutz;SC;Welche Maßnahme schützt Daten in der Cloud auf dem Transportweg?;TLS-Verschlüsselung der Verbindungen;Verzicht auf Backups;Öffentliche Freigabe der Daten;Deaktivierung der Authentifizierung;a;TLS verschlüsselt die Übertragung zwischen Client und Cloud-Dienst und schützt vor Mitlesen.;mittel;Rahmenlehrplan DVK
DVK-CLD-016;DVK;DVK-CLD;Cloud-Modelle;SC;Was ist ein Merkmal einer Private Cloud?;Sie wird exklusiv für eine Organisation betrieben;Sie ist für alle öffentlich nutzbar;Sie ist immer kostenlos;Sie besteht nur aus einem Server;a;Private Clouds werden exklusiv für eine Organisation betrieben, etwa im eigenen Rechenzentrum oder gehostet.;mittel;Rahmenlehrplan DVK
DVK-CLD-017;DVK;DVK-CLD;Cloud-Modelle;SC;Was kennzeichnet eine Hybrid Cloud?;Die Kombination aus privater und öffentlicher Cloud;Nur öffentliche Dienste;Nur lokale Server;Ein Netzwerkprotokoll;a;Hybrid Clouds verbinden eigene Infrastruktur mit Public-Cloud-Diensten, etwa für Lastspitzen.;mittel;Rahmenlehrplan DVK
DVK-CLD-018;DVK;DVK-CLD;Service-Modelle;SC;Was bedeutet Platform as a Service?;Der Anbieter stellt Laufzeitumgebung und Plattformdienste bereit;Der Anbieter stellt nur virtuelle Maschinen bereit;Der Kunde verwaltet die Hardware selbst;Es findet keine Virtualisierung statt;a;Bei PaaS stellt der Anbieter Laufzeit, Datenbanken und Deployment bereit, der Kunde liefert die Anwendung.;mittel;Rahmenlehrplan DVK
DVK-CLD-019;DVK;DVK-CLD;Service-Modelle;SC;Was bedeutet Software as a Service?;Der Anbieter betreibt fertige Software für die Nutzer;Der Kunde installiert und betreibt die Software selbst;Es wird nur Hardware bereitgestellt;Es wird nur Speicher bereitgestellt;a;Bei SaaS nutzt der Kunde eine fertige Anwendung über das Netz, der Betrieb liegt beim Anbieter.;leicht;Rahmenlehrplan DVK
DVK-CLD-020;DVK;DVK-CLD;Edge Computing;SC;Was ist der Hauptvorteil von Edge Computing?;Daten werden nahe an der Quelle verarbeitet, die Latenz sinkt;Daten müssen immer in die Cloud gesendet werden;Die Hardware wird überflüssig;Es entsteht kein Speicherbedarf;a;Edge-Verarbeitung reduziert Latenz und Bandbreitenbedarf und erhöht die Ausfallsicherheit der Anlage.;leicht;Rahmenlehrplan DVK
DVK-CLD-021;DVK;DVK-CLD;Edge Computing;SC;Für welche Anwendungen ist Edge Computing besonders geeignet?;Zeitkritische Auswertungen und Fälle ohne stabile Netzverbindung;Reine Archivierung;Langfristige Datenhaltung;Softwareentwicklung;a;Regelungen, Qualitätsprüfungen und Sicherheitsfunktionen profitieren von lokaler, verzögerungsarmer Verarbeitung.;mittel;Rahmenlehrplan DVK
DVK-CLD-022;DVK;DVK-CLD;Container;SC;Was ist der Vorteil von Containern gegenüber virtuellen Maschinen?;Sie starten schneller und benötigen weniger Ressourcen;Sie bieten einen eigenen Kernel;Sie lassen sich nicht portieren;Sie sind immer größer;a;Container teilen den Kernel des Hosts, sind klein, starten schnell und sind gut portierbar.;mittel;Rahmenlehrplan DVK
DVK-CLD-023;DVK;DVK-CLD;Container;SC;Wozu dient eine Container-Registry?;Zur Ablage und Verteilung von Container-Images;Zur Netzwerksegmentierung;Zur Zeitsynchronisation;Zur Spannungsversorgung;a;Registries speichern und verteilen Container-Images versioniert.;mittel;Rahmenlehrplan DVK
DVK-CLD-024;DVK;DVK-CLD;Container;FT;Wie nennt man die Software, die Container erstellt, startet und isoliert?;;;;;Container Runtime|Container Engine|Docker|Containerlaufzeit;Eine Container-Runtime wie containerd oder Docker erstellt, startet und isoliert Container auf einem Host.;mittel;Rahmenlehrplan DVK
DVK-CLD-025;DVK;DVK-CLD;Betriebskonzepte;SC;Was unterscheidet horizontale von vertikaler Skalierung?;Horizontale Skalierung fügt weitere Instanzen hinzu, vertikale erweitert die Ressourcen einer bestehenden Instanz;Horizontale Skalierung ist nur in der Cloud möglich, vertikale nur On-Premises;Beide Begriffe beschreiben denselben Vorgang;Horizontale Skalierung verringert die Serverzahl, vertikale erhöht sie;a;Horizontal = scale-out (mehr Instanzen), vertikal = scale-up (mehr Ressourcen pro Instanz).;mittel;Rahmenlehrplan DVK
DVK-CLD-026;DVK;DVK-CLD;Betriebskonzepte;SC;Wozu dient Infrastructure as Code?;Infrastruktur wird versioniert und automatisiert beschrieben;Hardware wird manuell verkabelt;Software wird kompiliert;Benutzer werden verwaltet;a;IaC beschreibt Infrastruktur in Dateien und ermöglicht Versionierung, Tests und reproduzierbare Deployments.;schwer;Rahmenlehrplan DVK
DVK-CLD-027;DVK;DVK-CLD;Kosten;SC;Wie werden Cloud-Kosten häufig abgerechnet?;Nach Verbrauch (Pay-per-Use);Immer mit Festpreis pro Jahr;Nur nach Anzahl der Nutzer;Kostenlos;a;Cloud-Dienste werden meist nach Nutzung abgerechnet, was Kostenkontrolle und Monitoring erfordert.;mittel;Rahmenlehrplan DVK
DVK-CLD-028;DVK;DVK-CLD;Cloud;SC;Was ist SaaS?;Storage as a Service;Software as a Service (Anwendung via Cloud nutzen);System as a Service;Speicherplatz-Vermietung in der Cloud;b;Beispiele sind Office 365 oder Salesforce.;leicht;IHK
DVK-CLD-029;DVK;DVK-CLD;Cloud;SC;Was ist IaaS?;Internet as a System;Infrastructure as a Service (virtuelle Server/Netze);Iphone as a Service;Bereitstellung fertiger Anwendungssoftware;b;Kunde mietet Rechenleistung und Speicher (z.B. AWS EC2).;mittel;IHK
DVK-CLD-030;DVK;DVK-CLD;Cloud;SC;Welches Beispiel ist typisch für SaaS?;Ein Webmail-Dienst wie Gmail, den man direkt im Browser nutzt;Ein virtueller Server, auf dem man ein eigenes Betriebssystem installiert;Eine Plattform, auf der man nur eigenen Code bereitstellt;Ein Rechenzentrum, das man komplett selbst betreibt;a;"SaaS liefert fertige Anwendungen zur direkten Nutzung; IaaS liefert Infrastruktur, PaaS eine Plattform für eigene Anwendungen.";mittel;IHK
DVK-CLD-031;DVK;DVK-CLD;Container;SC;Was ist Kubernetes (K8s)?;Ein Bildbearbeitungsprogramm;System zur Automatisierung von Deployment und Skalierung von Containern;Ein Linux-Kernel;Eine Programmiersprache für Container;b;Wird oft als 'Orchestrierung' bezeichnet.;schwer;Zusatz
DVK-CLD-032;DVK;DVK-CLD;Cloud;SC;Was ist Multi-Cloud?;Ein PC mit zwei CPUs;Gleichzeitige Nutzung von Diensten mehrerer Cloud-Anbieter;Ein WLAN-Name;Verschlüsselung von Cloud-Daten;b;Vermeidet Abhängigkeit von einem Anbieter (Vendor Lock-in).;mittel;Zusatz
DVK-CLD-033;DVK;DVK-CLD;Cloud;SC;Was ist Infrastructure as a Service (IaaS)?;Software-Abo;Bereitstellung von virtuellen Servern, Speicher und Netzwerk;Ein fertiges CRM;Bereitstellung fertiger Anwendungssoftware ohne Wartung;b;Beispiele: AWS EC2, Microsoft Azure VMs.;mittel;Zusatz
DVK-CLD-034;DVK;DVK-CLD;Kubernetes;SC;Was ist ein Pod in Kubernetes?;Ein physischer Server im Rechenzentrum;Die kleinste bereitstellbare Einheit, die einen oder mehrere Container kapselt;Ein Netzwerkprotokoll zur Lastverteilung;Ein Werkzeug zur Versionsverwaltung von Images;b;Ein Pod bündelt einen oder mehrere eng verwandte Container, die sich Netzwerk und Speicher teilen.;mittel;Rahmenlehrplan DVK
DVK-CLD-035;DVK;DVK-CLD;Kubernetes;SC;Wozu dient ein Deployment-Objekt in Kubernetes?;Es verschlüsselt den Datenverkehr zwischen Pods;Es verwaltet deklarativ den Sollzustand von Pods, z. B. Anzahl der Replikate und Updates;Es speichert Konfigurationsdateien außerhalb des Clusters;Es überwacht ausschließlich die CPU-Auslastung eines Knotens;b;Ein Deployment beschreibt den gewünschten Zustand (z. B. Replikatanzahl, Image-Version) und gleicht den Istzustand automatisch an, etwa bei Updates oder Ausfällen.;schwer;Zusatz
DVK-CLD-036;DVK;DVK-CLD;Kubernetes;SC;Was bewirkt der Horizontal Pod Autoscaler (HPA) in Kubernetes?;Er passt automatisch die Anzahl der Pod-Replikate an die aktuelle Auslastung an;Er vergrößert automatisch den Arbeitsspeicher eines einzelnen Pods;Er verteilt Pods gleichmäßig auf mehrere Rechenzentren;Er erstellt automatisch Backups der Container-Images;a;Der HPA skaliert die Anzahl laufender Pod-Replikate horizontal (mehr/weniger Instanzen) anhand von Metriken wie CPU- oder Speicherauslastung.;schwer;Zusatz
DVK-CLD-037;DVK;DVK-CLD;Kubernetes;SC;Wozu dient ein Namespace in Kubernetes?;Zur logischen Trennung und Organisation von Ressourcen innerhalb eines Clusters;Zur Verschlüsselung von Pod-zu-Pod-Kommunikation;Zur physischen Trennung der Server-Hardware;Zur automatischen Skalierung von Deployments;a;Namespaces gruppieren Ressourcen innerhalb eines Clusters, z. B. um Umgebungen wie Test und Produktion voneinander zu trennen.;mittel;Zusatz
