id;fachrichtung;modul_id;thema;typ;frage;option_a;option_b;option_c;option_d;antwort;erklaerung;schwierigkeit;quelle;lernfeld
FISI-NET-001;ALLE;NETZ-GRUND;OSI-Modell;SC;In welcher OSI-Schicht arbeitet ein Router?;Schicht 1 (Bitübertragung);Schicht 2 (Sicherung);Schicht 3 (Vermittlung);Schicht 4 (Transport);c;Router arbeiten auf Schicht 3 (Vermittlung/Network) und entscheiden anhand von IP-Adressen über den Weg von Paketen.;leicht;Rahmenlehrplan FISI LF7;LF3
FISI-NET-002;ALLE;NETZ-GRUND;OSI-Modell;SC;Welches Protokoll arbeitet auf der Transportschicht (Schicht 4)?;IP;TCP;Ethernet;HTTP;b;TCP ist ein verbindungsorientiertes Transportprotokoll. IP arbeitet auf Schicht 3, Ethernet auf Schicht 2, HTTP auf Schicht 7.;leicht;Rahmenlehrplan FISI;LF3
FISI-NET-003;ALLE;NETZ-GRUND;OSI-Modell;SC;Welche Aussage über UDP ist richtig?;UDP ist verbindungslos und unzuverlässig, aber schnell;UDP ist verbindungsorientiert und bestätigt jedes Paket;UDP ist langsamer als TCP;UDP arbeitet auf der Sicherungsschicht;a;UDP ist verbindungslos, führt keine Bestätigungen durch und ist daher schnell, aber unzuverlässig (z. B. für Streaming, DNS).;mittel;Rahmenlehrplan FISI;LF3
FISI-NET-004;ALLE;NETZ-GRUND;IP-Adressierung;SC;Welche IP-Adresse gehört zu einem privaten IPv4-Bereich (RFC 1918)?;8.8.8.8;192.168.1.10;172.32.1.1;11.0.0.1;b;"Private Bereiche sind 10.0.0.0/8, 172.16.0.0/12 und 192.168.0.0/16. 192.168.1.10 liegt im privaten Bereich; die übrigen Adressen sind öffentlich.";mittel;RFC 1918;LF3
FISI-NET-005;ALLE;NETZ-GRUND;Subnetting;SC;Welche Subnetzmaske entspricht einem /24-Netz?;255.255.255.0;255.255.0.0;255.0.0.0;255.255.255.128;a;/24 bedeutet 24 gesetzte Bits, also 255.255.255.0. Das Netz umfasst 256 Adressen (254 nutzbar).;mittel;Rahmenlehrplan FISI;LF3
FISI-NET-006;ALLE;NETZ-GRUND;IPv6;SC;Wie viele Bit hat eine IPv6-Adresse?;32 Bit;64 Bit;128 Bit;256 Bit;c;IPv6-Adressen sind 128 Bit lang und werden als acht Hexadezimalblöcke dargestellt.;leicht;Rahmenlehrplan FISI;LF3
FISI-NET-007;ALLE;NETZ-GRUND;Namensauflösung;SC;Welches Protokoll löst Hostnamen in IP-Adressen auf?;DHCP;DNS;ARP;SNMP;b;DNS (Domain Name System) übersetzt Namen wie www.example.de in IP-Adressen. DHCP vergibt Adressen, ARP löst MAC aus IP auf.;leicht;Rahmenlehrplan FISI;LF9
FISI-NET-008;ALLE;NETZ-GRUND;Netzwerkkomponenten;SC;Welche Funktion hat ein Switch?;Verteilt Frames innerhalb eines LAN anhand der MAC-Adressen;Verbindet unterschiedliche Netze anhand von IP-Adressen;Stellt WLAN-Verbindungen zum Provider her;Übersetzt Domainnamen in IP-Adressen;a;Ein Switch lernt MAC-Adressen und leitet Frames gezielt innerhalb des LAN weiter. Router verbinden Netze über IP-Adressen.;mittel;Rahmenlehrplan FISI;LF3
FISI-NET-009;ALLE;NETZ-GRUND;Netzwerkkomponenten;FT;Wie nennt man ein Gerät, das ein lokales Netz (LAN) mit einem Weitverkehrsnetz (WAN) verbindet und zwischen verschiedenen IP-Netzen vermittelt?;;;;;Router;Ein Router verbindet unterschiedliche IP-Netze und leitet Pakete anhand der Ziel-IP-Adresse weiter.;leicht;Rahmenlehrplan FISI;LF3
FISI-NET-010;ALLE;NETZ-GRUND;Dienste;SC;Welcher Port wird standardmäßig von HTTPS verwendet?;21;80;443;3389;c;HTTPS nutzt standardmäßig Port 443. HTTP verwendet Port 80, FTP Port 21, RDP Port 3389.;leicht;Rahmenlehrplan FISI;LF9
FISI-NET-011;ALLE;NETZ-GRUND;Netzwerkkomponenten;SC;Wie viele Bit hat eine MAC-Adresse?;48 Bit;32 Bit;64 Bit;128 Bit;a;MAC-Adressen sind 48 Bit (6 Byte) lang und werden hexadezimal dargestellt, z. B. 00:1A:2B:3C:4D:5E.;mittel;Rahmenlehrplan FISI;LF3
FISI-NET-012;ALLE;NETZ-GRUND;Subnetting;SC;Wie viele nutzbare Host-Adressen bietet ein /24-Netz?;254;256;255;128;a;"Ein /24-Netz umfasst 256 Adressen; Netz- und Broadcastadresse sind reserviert, sodass 254 Hosts nutzbar sind.";mittel;Rahmenlehrplan FISI;LF3
FISI-NET-013;ALLE;NETZ-GRUND;Dienste;SC;Welche Aufgabe hat DHCP?;Automatische Vergabe von IP-Konfigurationen an Clients;Auflösung von Domainnamen;Weiterleitung von Paketen zwischen Netzen;Verschlüsselung von Verbindungen;a;DHCP vergibt automatisch IP-Adresse, Subnetzmaske, Gateway und DNS-Server an Clients.;leicht;Rahmenlehrplan FISI;LF9
FISI-NET-014;ALLE;NETZ-GRUND;Netzwerkkomponenten;SC;Wozu dient ein VLAN?;Zur logischen Trennung eines Netzes in getrennte Segmente;Zur Erhöhung der Bandbreite aller Ports;Zur Vergabe von IP-Adressen;Zur Namensauflösung;a;VLANs trennen Geräte logisch auf einem Switch, z. B. nach Abteilungen, und erhöhen Sicherheit und Übersicht.;mittel;Rahmenlehrplan FISI;LF3
FISI-NET-015;ALLE;NETZ-GRUND;WLAN;SC;Welche Verschlüsselung gilt als aktueller Sicherheitsstandard für WLAN?;WPA3;WEP;WPA;MAC-Filterung;a;"WPA3 ist der aktuelle Standard; WEP ist unsicher, WPA veraltet und MAC-Filterung allein bietet kaum Schutz.";mittel;Rahmenlehrplan FISI;LF3
FISI-NET-016;ALLE;NETZ-GRUND;OSI-Modell;SC;Auf welcher Schicht des OSI-Modells arbeitet ein Switch?;Sicherungsschicht (Layer 2);Vermittlungsschicht (Layer 3);Transportschicht (Layer 4);Anwendungsschicht (Layer 7);a;Ein Switch arbeitet auf Layer 2 und leitet Frames anhand von MAC-Adressen weiter.;leicht;Rahmenlehrplan FISI;LF3
FISI-NET-017;ALLE;NETZ-GRUND;OSI-Modell;SC;Auf welcher Schicht arbeitet ein Router?;Vermittlungsschicht (Layer 3);Sicherungsschicht (Layer 2);Bitübertragungsschicht (Layer 1);Sitzungsschicht (Layer 5);a;Router arbeiten auf Layer 3 und leiten Pakete anhand von IP-Adressen weiter.;leicht;Rahmenlehrplan FISI;LF3
FISI-NET-018;ALLE;NETZ-GRUND;OSI-Modell;MC;Welche Aufgaben hat die Transportschicht?;Segmentierung der Daten;Ende-zu-Ende-Übertragung;Flusskontrolle;Physikalische Übertragung von Bits;a,b,c;Die Transportschicht regelt Ende-zu-Ende-Verbindungen, Segmentierung, Flusskontrolle und Ports. Bits überträgt Layer 1.;mittel;Rahmenlehrplan FISI;LF3
FISI-NET-019;ALLE;NETZ-GRUND;TCP/IP;SC;Was unterscheidet TCP von UDP?;TCP ist verbindungsorientiert und sichert die Reihenfolge, UDP nicht;UDP ist verbindungsorientiert;TCP arbeitet ohne Ports;UDP kann keine Daten senden;a;TCP baut eine Verbindung auf und sichert Reihenfolge und Wiederholung. UDP arbeitet verbindungslos und ist schneller.;mittel;Rahmenlehrplan FISI;LF3
FISI-NET-020;ALLE;NETZ-GRUND;IP-Adressierung;SC;Wie viele Hosts sind in einem /24-Netz nutzbar?;254;256;255;128;a;Ein /24-Netz hat 256 Adressen. Nach Abzug von Netz- und Broadcastadresse bleiben 254 nutzbare Hostadressen.;mittel;Rahmenlehrplan FISI;LF3
FISI-NET-021;ALLE;NETZ-GRUND;IP-Adressierung;SC;Was ist die Broadcastadresse eines Netzes?;Die höchste Adresse im Netz, die alle Hosts erreicht;Die erste Adresse im Netz;Immer 0.0.0.0;Die Adresse des Routers;a;Die Broadcastadresse ist die letzte Adresse des Netzes und adressiert alle Hosts.;mittel;Rahmenlehrplan FISI;LF3
FISI-NET-022;ALLE;NETZ-GRUND;Subnetting;SC;Was bewirkt die Subnetzmaske 255.255.255.192?;Sie teilt ein /24-Netz in vier Subnetze mit je 62 Hosts;Sie vergrößert das Netz auf 512 Hosts;Sie schaltet das Routing ab;Sie aktiviert IPv6;a;/26 entspricht 255.255.255.192 und ergibt 64 Adressen pro Subnetz, davon 62 nutzbare Hosts.;schwer;Rahmenlehrplan FISI;LF3
FISI-NET-023;ALLE;NETZ-GRUND;DHCP;SC;Was passiert beim sogenannten DHCP-Lease?;Ein Client erhält eine IP-Konfiguration für eine befristete Gültigkeitsdauer;Ein Client bekommt dauerhaft dieselbe IP-Adresse ohne Ablaufdatum;Der DHCP-Server verschlüsselt den gesamten Netzwerkverkehr;Der DHCP-Server löscht alle vergebenen IP-Adressen;a;Die per DHCP vergebene IP-Konfiguration ist zeitlich befristet (Lease) und muss vor Ablauf erneuert werden.;leicht;Rahmenlehrplan FISI;LF9
FISI-NET-024;ALLE;NETZ-GRUND;DNS;SC;Welche Aufgabe hat DNS?;Namensauflösung von Domänennamen zu IP-Adressen;Zuweisung von MAC-Adressen;Routing zwischen Netzen;Zeitsynchronisation;a;Das Domain Name System löst Namen wie example.org in IP-Adressen auf.;leicht;Rahmenlehrplan FISI;LF9
FISI-NET-025;ALLE;NETZ-GRUND;Netzwerkkomponenten;SC;Was ist das Standard-Gateway?;Der Router, der Pakete in andere Netze weiterleitet;Der DNS-Server;Der Switch im Zugangsnetz;Der Proxy der Firewall;a;Das Standard-Gateway ist die Adresse des Routers, an den Pakete für fremde Netze gesendet werden.;mittel;Rahmenlehrplan FISI;LF3
FISI-NET-027;ALLE;NETZ-GRUND;WLAN;SC;Welche Frequenzbänder nutzt WLAN typischerweise?;2,4 GHz und 5 GHz;88 MHz und 108 MHz;400 MHz und 800 MHz;Nur 60 GHz;a;Übliche WLAN-Bänder sind 2,4 GHz und 5 GHz, zunehmend auch 6 GHz. 2,4 GHz reicht weiter, 5 GHz bietet mehr Kanäle.;mittel;Rahmenlehrplan FISI;LF3
FISI-NET-028;ALLE;NETZ-GRUND;Hardware;SC;Was ist der Unterschied zwischen einem Hub und einem Switch?;Hub sendet an alle (Broadcast);Switch ist Layer 3;Switch hat keine Ports;Ein Switch arbeitet nur mit Lichtwellenleitern;a;Ein Hub verteilt Pakete blind, ein Switch arbeitet zielgerichtet auf Layer 2.;mittel;IHK;LF3
FISI-NET-029;ALLE;NETZ-GRUND;IP;SC;Was ist der Unterschied zwischen einem Klasse-C- und einem Klasse-B-Netz?;C hat mehr Hosts;Klasse B Maske ist 255.255.0.0;Kein Unterschied;Klasse-B-Netze sind ausschließlich für Privatanwender reserviert;b;Klasse B bietet einen größeren Adressraum für Hosts.;mittel;IHK;LF3
FISI-NET-030;ALLE;NETZ-GRUND;Dienste;SC;Welche Funktion hat DNS?;Verschlüsselung;Namensauflösung (URL zu IP);Zuweisung von MAC-Adressen;Vergabe von IP-Adressen an Endgeräte;b;DNS übersetzt menschenlesbare Namen in IP-Adressen.;leicht;IHK;LF9
FISI-NET-032;ALLE;NETZ-GRUND;Protokolle;SC;Wie heißen die vier Schritte des klassischen DHCP-Ablaufs (DORA)?;Discover, Offer, Request, Acknowledge;Detect, Open, Read, Answer;Define, Order, Route, Assign;Dial, Open, Reset, Allocate;a;DHCP läuft in den vier Phasen Discover (Client sucht Server), Offer (Server bietet IP an), Request (Client fordert sie an) und Acknowledge (Server bestätigt) ab.;leicht;IHK;LF9
FISI-NET-033;ALLE;NETZ-GRUND;OSI;SC;Welcher Layer nutzt IP?;Layer 2;Layer 3 (Vermittlungsschicht);Layer 4;Layer 1 (Bitübertragungsschicht);b;Das Internet Protocol arbeitet auf der Vermittlungsschicht.;mittel;IHK;LF3
FISI-NET-034;ALLE;NETZ-GRUND;Hardware;SC;Was macht ein Router?;Verbindet Geräte im LAN;Verbindet verschiedene Netzwerke miteinander;Verstärkt nur das Signal;Speichert Webseiten zwischen;b;Router treffen Routing-Entscheidungen auf Basis von IP-Adressen.;leicht;IHK;LF3
FISI-NET-035;ALLE;NETZ-GRUND;Protokolle;SC;Was macht SMTP?;E-Mail Empfang;E-Mail Versand;Dateiübertragung;Verschlüsselung von Datenverkehr;b;Simple Mail Transfer Protocol wird zum Senden von Mails genutzt.;leicht;IHK;LF9
FISI-NET-036;ALLE;NETZ-GRUND;WLAN;SC;Was ist WPA3?;Ein alter Funkstandard;Ein modernes Verschlüsselungsprotokoll für WLAN;Ein Router-Hersteller;Ein Protokoll zur Dateifreigabe im LAN;b;WPA3 bietet besseren Schutz vor Brute-Force-Angriffen.;mittel;IHK;LF3
FISI-NET-037;ALLE;NETZ-GRUND;Modelle;SC;Wofür steht TCP?;Total Control Protocol;Transmission Control Protocol;Technical Center Port;Terminal Connection Point;b;TCP garantiert die korrekte Reihenfolge und Vollständigkeit der Daten.;mittel;IHK;LF3
FISI-NET-038;ALLE;NETZ-GRUND;IP;SC;Was ist NAT?;Netzwerk-Audio-Transfer;Network Address Translation (Umwandlung privat zu öffentlich);Verschlüsselung;Ein Routing-Protokoll für dynamische Routen;b;Ermöglicht mehreren Geräten im LAN den Zugang zum Internet über eine IP.;schwer;IHK;LF3
FISI-NET-039;ALLE;NETZ-GRUND;Protokolle;SC;Was macht ICMP?;Datenübertragung;Status- und Fehlermeldungen (z.B. Ping);Website-Aufruf;Verschlüsselung von IP-Paketen;b;Wichtig für Diagnosezwecke im Netzwerk.;schwer;IHK;LF9
FISI-NET-040;ALLE;NETZ-GRUND;Hardware;SC;Was ist ein Gateway?;Ein reiner Switch;Verbindungspunkt zwischen Netzen mit versch. Protokollen;Ein Signalverstärker;Speichert IP-Adressen dauerhaft;b;Gateways fungieren als 'Übersetzer' zwischen unterschiedlichen Netzwerkarchitekturen.;mittel;IHK;LF3
FISI-NET-041;ALLE;NETZ-GRUND;Adressierung;SC;Wofür steht CIDR?;Central Internet Domain Routing;Classless Inter-Domain Routing;Common Internal Data Record;Cyclic Interval Data Routing;b;Ersetzt die starren Netzklassen durch flexiblere Masken.;schwer;IHK;LF3
FISI-NET-042;ALLE;NETZ-GRUND;Dienste;SC;Was macht ein Proxy?;Ist ein DHCP-Server;Vermittler zwischen Client und Zielserver;Verschlüsselt Platten;Erstellt Backups von Servern;b;Proxies können filtern, cachen oder anonymisieren.;mittel;IHK;LF9
FISI-NET-043;ALLE;NETZ-GRUND;Topologie;SC;Was kennzeichnet ein Mesh-Netz?;Alle an einem Bus;Jedes Gerät mit mehreren anderen verbunden;Nur ein Server;Sternförmige Verkabelung über einen Switch;b;Sehr ausfallsicher, aber hoher Verkabelungsaufwand.;schwer;IHK;LF3
FISI-NET-044;ALLE;NETZ-GRUND;Hardware;SC;Welche Aufgabe hat ein Repeater?;Filtert MAC;Verstärkt/Regeneriert Signale;Teilt IP zu;Weist dynamische IP-Adressen zu;b;Arbeitet auf Schicht 1 des OSI-Modells.;leicht;IHK;LF3
FISI-NET-045;ALLE;NETZ-GRUND;Protokolle;SC;Welcher Standard dient dem Dateitransfer?;HTTP;FTP;SMTP;SNMP;b;File Transfer Protocol.;leicht;IHK;LF9
FISI-NET-046;ALLE;NETZ-GRUND;IP;SC;Welche Aufgabe hat die Subnetzmaske?;Verbirgt IP;Trennt Netz- und Hostanteil;WLAN Passwort;Verschlüsselt den Datenverkehr im Subnetz;b;Bestimmt die Größe eines IP-Netzwerkes.;mittel;IHK;LF3
FISI-NET-047;ALLE;NETZ-GRUND;Hardware;SC;Welche Aufgabe hat eine Bridge?;Verbindet Layer 2 Segmente;Wandelt Analog zu Digital;Sperrt Ports;Vergibt IP-Adressen automatisch;a;Trennt Kollisionsdomänen auf der Sicherungsschicht.;schwer;IHK;LF3
FISI-NET-049;ALLE;NETZ-GRUND;Mail;SC;Welches Protokoll lässt E-Mails auf dem Server?;SMTP;IMAP;POP3;FTP;b;Ermöglicht Synchronisation auf mehreren Geräten.;leicht;IHK;LF9
FISI-NET-050;ALLE;NETZ-GRUND;IP;SC;Was kennzeichnet eine private IP-Adresse?;Wird im Internet geroutet;Nur für lokale Netze (z.B. 192.168.x.x);Kostet Geld;Wird automatisch ins Internet weitergeleitet;b;Nicht im öffentlichen Internet sichtbar.;leicht;IHK;LF3
FISI-NET-051;ALLE;NETZ-GRUND;Hardware;SC;Welche Aufgabe hat ein Patchpanel?;Aktiver Switch;Passive Verteilerstation;Blitzschutz;Aktiver Netzwerkverstärker mit eigener IP;b;Verbindung zwischen Verlegekabel und Switch.;leicht;IHK;LF3
FISI-NET-052;ALLE;NETZ-GRUND;Funk;SC;Was ist BLE?;Normales Bluetooth;Bluetooth Low Energy (stromsparend für IoT);Bluetooth nur für Audio;Ein Standard für kabelgebundene Verbindungen;b;Ideal für Sensoren, die monatelang mit einer Batterie halten müssen.;mittel;IHK;LF9
FISI-NET-053;ALLE;NETZ-GRUND;OSI;SC;Welcher Layer nutzt TCP?;Layer 3;Layer 4 (Transportschicht);Layer 7;Layer 5 (Sitzungsschicht);b;Layer 4 regelt den Datentransport und die Fehlerkontrolle.;mittel;IHK;LF3
FISI-NET-055;ALLE;NETZ-GRUND;Protokolle;SC;Welche Aufgabe haben Telnet und SSH?;Dateitransfer;Fernsteuerung von Computern (SSH ist verschlüsselt);Web-Browsing;Automatische Softwareverteilung;b;SSH sollte Telnet aufgrund der Sicherheit immer vorgezogen werden.;leicht;IHK;LF9
FISI-NET-056;ALLE;NETZ-GRUND;WLAN;SC;Was ist der Unterschied zwischen 2,4 GHz und 5 GHz?;2,4 GHz ist schneller;5 GHz hat höhere Datenrate, aber geringere Reichweite;Kein Unterschied;2,4 GHz hat eine deutlich höhere Datenrate als 5 GHz;b;2,4 GHz ist störanfälliger (Mikrowellen, Bluetooth).;mittel;IHK;LF3
FISI-NET-057;ALLE;NETZ-GRUND;Modelle;SC;Wofür steht OSI?;Open Systems Interconnection;Operating System Integration;Online Security Interface;Optical System Interface;a;Referenzmodell für Netzwerkprotokolle in 7 Schichten.;mittel;IHK;LF3
FISI-NET-058;ALLE;NETZ-GRUND;Dienste;SC;Was ist ein CDN?;Computer Data Network;Content Delivery Network (zur schnellen Inhaltsauslieferung);Cloud Driver Node;Cloud Data Node zur Datenspeicherung;b;Verteilt Inhalte über geografisch verteilte Server.;mittel;IHK;LF9
FISI-NET-059;ALLE;NETZ-GRUND;Protokolle;SC;Wofür wird UDP genutzt?;Dateitransfer;Streaming/Gaming (schnell, aber ungesichert);Sicheres Login;Verschlüsselte Übertragung von E-Mails;b;Verzichtet auf Bestätigungspakete für geringere Latenz.;mittel;IHK;LF9
FISI-NET-060;ALLE;NETZ-GRUND;Kabel;SC;Was ist ein Crossover-Kabel?;Ein normales LAN-Kabel;Kabel zur direkten Verbindung zweier gleicher Geräte;Ein Stromkabel;Kabel zur Verbindung von Router und Switch mit gleicher Belegung wie ein Patchkabel;b;Heutzutage meist durch Auto-MDIX ersetzt.;mittel;IHK;LF3
FISI-NET-061;ALLE;NETZ-GRUND;Internet;SC;Was ist ein ISP?;Interner System Plan;Internet Service Provider (Internetanbieter);Sicherheits-Protokoll;Ein Protokoll zur Verschlüsselung von Internetverkehr;b;Unternehmen, das den Zugang zum Internet bereitstellt.;leicht;IHK;LF9
FISI-NET-062;ALLE;NETZ-GRUND;Hardware;SC;Was ist ein Access Point?;Ein Router ohne Antenne;Basisstation für kabellose Netzwerkverbindungen;Ein Internetmodem;Ein Gerät zur Signalverstärkung in Glasfaserleitungen;b;Erweitert ein kabelgebundenes Netz um Funkfunktionen.;leicht;IHK;LF3
FISI-NET-063;ALLE;NETZ-GRUND;Dienste;SC;Was ist SSH (Port 22)?;Unsicherer Fernzugriff;Sichere, verschlüsselte Remote-Shell;Druckerprotokoll;Unverschlüsseltes Protokoll für Dateiübertragung;b;Standard für die Administration von Linux-Servern.;leicht;IHK;LF9
FISI-NET-064;ALLE;NETZ-GRUND;Protokolle;SC;Wofür wird NTP genutzt?;Dateiübertragung;Zeit-Synchronisation im Netzwerk;Adressvergabe;Verteilung von IP-Adressen im Netzwerk;b;Stellt sicher, dass alle Geräte dieselbe Systemzeit haben.;mittel;IHK;LF9
FISI-NET-065;ALLE;NETZ-GRUND;Mobilfunk;SC;Was ist 5G?;Fünfte Generation des Mobilfunks (hohe Raten, niedrige Latenz);WLAN-Nachfolger;Internet über Satellit;Nachfolgestandard für Bluetooth;a;Ermöglicht neue Anwendungen wie autonomes Fahren.;leicht;IHK;LF9
FISI-NET-066;ALLE;NETZ-GRUND;Internet;SC;Was ist Glasfaser-FTTH?;Fibre To The Home (Glasfaser bis in die Wohnung);Funk-Internet;Schnelles Kupferkabel;Kupferbasierte Anschlusstechnik für Privathaushalte;a;Bietet die höchsten stabilen Bandbreiten.;mittel;IHK;LF9
FISI-NET-068;ALLE;NETZ-GRUND;WLAN;SC;Was ist ein Mesh-WLAN?;WLAN mit nur einem Router;Netzwerk aus mehreren Knoten für flächendeckendes WLAN;Ein kabelgebundenes WLAN;Ein WLAN-Netz ausschließlich für Gäste;b;Sorgt für bessere Abdeckung in großen Gebäuden.;leicht;IHK;LF3
FISI-NET-069;ALLE;NETZ-GRUND;Hardware;SC;Was ist Power over Ethernet (PoE)?;Strom aus der Steckdose für PCs;Stromversorgung von Endgeräten über das LAN-Kabel;WLAN-Verstärkung;Überträgt Daten per WLAN ohne Kabel;b;Ideal für IP-Telefone oder Kameras ohne eigene Steckdose.;leicht;IHK;LF3
FISI-NET-070;ALLE;NETZ-GRUND;IP;SC;Was ist eine Loopback-Adresse?;Adresse zum Router;Lokale Schnittstelle zum Testen (127.0.0.1);WLAN-Name;Öffentliche IP-Adresse des Internetanschlusses;b;Dient der Prüfung der eigenen IP-Stack-Funktionalität.;leicht;IHK;LF3
FISI-NET-071;ALLE;NETZ-GRUND;Protokolle;SC;Wofür steht DHCP?;Digital Home Connection Protocol;Dynamic Host Configuration Protocol;Data High Communication Path;Direct Host Connection Protocol;b;Dient der automatischen Zuweisung von IP-Adressen und weiteren Parametern.;leicht;IHK;LF9
FISI-NET-072;ALLE;NETZ-GRUND;Topologie;SC;Welchen Nachteil hat eine Ring-Topologie?;Sehr hoher Kabelverbrauch;Fällt ein Gerät aus, ist der gesamte Ring unterbrochen;Zu hohe Geschwindigkeit;Hohe Anschaffungskosten der Verkabelung;b;Wird heute kaum noch in lokalen Netzen eingesetzt.;mittel;IHK;LF3
FISI-NET-073;ALLE;NETZ-GRUND;Modelle;SC;Welche Aufgabe hat die Sicherungsschicht (Layer 2)?;Routing über das Internet;Adressierung über MAC-Adressen und Fehlererkennung;Darstellung von Text;Verschlüsselung der übertragenen Daten;b;Hier arbeiten Geräte wie Switches.;schwer;IHK;LF3
FISI-NET-074;ALLE;NETZ-GRUND;Internet;SC;Was ist Latenz (Ping)?;Die Bandbreite;Die Zeitverzögerung bei der Datenübertragung;Die IP-Adresse;Die maximale Übertragungsgeschwindigkeit;b;Wichtig für Echtzeitanwendungen wie Telefonie oder Gaming.;leicht;IHK;LF9
FISI-NET-075;ALLE;NETZ-GRUND;Protokolle;SC;Was macht POP3?;E-Mail Versand;E-Mail Abruf (Mails werden meist vom Server gelöscht);IP-Vergabe;Synchronisiert Mails zwischen mehreren Geräten;b;Im Gegensatz zu IMAP werden Mails lokal gespeichert.;leicht;IHK;LF9
FISI-NET-077;ALLE;NETZ-GRUND;IP;SC;Was ist der Unterschied zw. IPv4 und IPv6?;IPv6 ist kürzer;IPv6 hat einen deutlich größeren Adressraum (128 Bit);IPv4 ist sicherer;IPv4 unterstützt mehr Geräte als IPv6;b;IPv6 wurde aufgrund des Mangels an IPv4-Adressen eingeführt.;mittel;IHK;LF3
FISI-NET-078;ALLE;NETZ-GRUND;Hardware;SC;Welche Aufgabe hat ein Modem?;IP-Zuweisung;Modulation/Demodulation von Signalen für den Internetzugang;Virenschutz;Verschlüsselt den Internetverkehr;b;Wandelt z.B. DSL-Signale in digitale Daten für den Router um.;leicht;IHK;LF3
FISI-NET-079;ALLE;NETZ-GRUND;WLAN;SC;Was ist ein RADIUS-Server?;Ein WLAN-Router;Zentrale Authentifizierungsinstanz für Netzwerkzugänge;Ein Fileserver;Ein Protokoll zur Verschlüsselung von E-Mails;b;Wird oft für WPA2/3 Enterprise-Verschlüsselung genutzt.;schwer;IHK;LF3
FISI-NET-080;ALLE;NETZ-GRUND;Dienste;SC;Was ist NTP (Port 123)?;Dateiübertragung;Network Time Protocol zur Zeitsynchronisation;Mailversand;Verteilung von IP-Adressen an Clients;b;Wichtig für Log-Files und Zertifikatsvalidierung.;mittel;IHK;LF9
FISI-NET-081;ALLE;NETZ-GRUND;Modelle;SC;Welche Aufgabe hat die Anwendungsschicht (Layer 7)?;Routing;Schnittstelle für Programme zum Netzwerk (HTTP, FTP);Bitübertragung;Umwandlung von Signalen in Bits;b;Hier agiert die Software direkt mit dem Benutzer.;mittel;IHK;LF3
FISI-NET-082;ALLE;NETZ-GRUND;Protokolle;SC;Was macht ARP?;IP zu Name;Auflösung von IP-Adressen in MAC-Adressen;Mail-Abruf;Auflösung von Domainnamen in IP-Adressen;b;Wichtig für die Kommunikation im lokalen Netzwerk (Layer 2/3).;schwer;IHK;LF9
FISI-NET-083;ALLE;NETZ-GRUND;WLAN;SC;Was ist DFS (Dynamic Frequency Selection)?;Erhöht die Sendeleistung;WLAN-Router weicht Radar-Signalen (z.B. Wetter) aus;Sperrt Nutzer;Verschlüsselt den WLAN-Datenverkehr zusätzlich;b;Pflicht im 5 GHz Band bei Nutzung bestimmter Kanäle.;schwer;IHK;LF3
FISI-NET-084;ALLE;NETZ-GRUND;Hardware;SC;Was macht ein Hub?;Verteilt Daten intelligent;Verteilt Daten dumm an alle Ports (Broadcast);Ist ein Router;Filtert Datenpakete nach MAC-Adresse;b;Veraltet, da er viel unnötigen Netzlast verursacht.;leicht;IHK;LF3
FISI-NET-085;ALLE;NETZ-GRUND;Dienste;SC;Was ist FTP (Port 21)?;Webseiten-Protokoll;File Transfer Protocol zum Hoch- und Herunterladen von Dateien;Mail-Protokoll;Verschlüsseltes Protokoll für Videostreaming;b;Unverschlüsselt, für Sicherheit sollte SFTP genutzt werden.;leicht;IHK;LF9
FISI-NET-086;ALLE;NETZ-GRUND;IP;SC;Was ist eine Broadcast-Adresse?;Adresse eines Servers;Adresse, um alle Teilnehmer eines Netzes gleichzeitig zu erreichen;Eine private IP;Adresse, die nur der Administrator nutzen kann;b;In IPv4 endet sie oft auf .255 (bei /24 Maske).;mittel;IHK;LF3
FISI-NET-087;ALLE;NETZ-GRUND;Dienste;SC;Was ist ein Proxy-Server (Forward)?;Speichert Backups;Vermittler, der Anfragen aus dem LAN ins Internet leitet;Regelt die CPU-Last;Verschlüsselt den gesamten LAN-Verkehr;b;Kann zur Filterung und Beschleunigung (Caching) genutzt werden.;mittel;IHK;LF9
FISI-NET-089;ALLE;NETZ-GRUND;IP;SC;Was ist DHCP-Snooping?;IP-Zuweisung;Sicherheitsmerkmal am Switch gegen gefälschte DHCP-Server;Verschlüsselung;Automatische Vergabe statischer IP-Adressen;b;Verhindert 'Rogue DHCP Server' Angriffe im Netzwerk.;schwer;IHK;LF3
FISI-NET-092;ALLE;NETZ-GRUND;Kabel;SC;Was ist PoE (Power over Ethernet)?;Internet aus der Steckdose;Stromversorgung von Geräten über das LAN-Kabel;WLAN-Kanal;Verschlüsselung der Datenübertragung im LAN;b;Ideal für IP-Telefone oder Überwachungskameras.;leicht;IHK;LF3
FISI-NET-093;ALLE;NETZ-GRUND;WLAN;SC;Was ist die SSID?;Ein Passwort;Der Name eines Funknetzwerks;Ein Verschlüsselungstyp;Die IP-Adresse eines Access Points;b;Service Set Identifier.;leicht;IHK;LF3
FISI-NET-094;ALLE;NETZ-GRUND;Protokolle;SC;Wofür wird SSH genutzt?;Webseitenaufruf;Sichere Fernadministration von Rechnern;Druckersteuerung;Unsichere Klartextübertragung von Zugangsdaten;b;Verschlüsselte Alternative zu Telnet.;leicht;IHK;LF9
FISI-NET-095;ALLE;NETZ-GRUND;IP;SC;Wofür steht NAT?;Network Audio Transfer;Network Address Translation (IP-Umwandlung);Next Advanced Technology;New Application Technology;b;Ermöglicht vielen Geräten im LAN eine gemeinsame öffentliche IP.;mittel;IHK;LF3
FISI-NET-096;ALLE;NETZ-GRUND;Internet;SC;Was ist FTTH?;Fiber To The Hall;Fiber To The Home (Glasfaser bis ins Haus);Fast Triple Hub;Kupferverkabelung mit hoher Reichweite;b;Bietet die stabilsten und höchsten Geschwindigkeiten.;mittel;IHK;LF9
FISI-NET-097;ALLE;NETZ-GRUND;Topologie;SC;Was ist eine Stern-Topologie?;Alle in einer Reihe;Alle Teilnehmer sind mit einem zentralen Knoten verbunden;Ein Kreis;Alle Geräte über ein einziges Koaxialkabel verbunden;b;Heutiger Standard in Ethernet-LANs.;leicht;IHK;LF3
FISI-NET-099;ALLE;NETZ-GRUND;Modelle;SC;Was macht der Transport-Layer (OSI 4)?;Bitübertragung;Ende-zu-Ende Kommunikation und Fehlerkontrolle (TCP/UDP);Routing;Verschlüsselung der übertragenen Nutzdaten;b;Stellt sicher, dass Datenpakete korrekt ankommen.;schwer;IHK;LF3
FISI-NET-100;ALLE;NETZ-GRUND;WLAN;SC;Was ist ein Wi-Fi Repeater?;Ein neuer Router;Gerät zur Reichweitenvergrößerung des WLAN-Signals;Ein LAN-Kabel;Gerät zur Verwaltung von IP-Adressen im Netz;b;Halbiert oft die theoretische Bandbreite.;leicht;IHK;LF3
FISI-NET-101;ALLE;NETZ-GRUND;Dienste;SC;Was macht ein DNS-Server?;IP-Zuweisung;Namensauflösung (URL -> IP-Adresse);Verschlüsselung;Filterung von Datenpaketen nach Firewall-Regeln;b;Das Telefonbuch des Internets.;leicht;IHK;LF9
FISI-NET-102;ALLE;NETZ-GRUND;IP;SC;Was ist eine Subnetzmaske?;Ein Passwort;Maske zur Trennung von Netzwerk- und Hostanteil einer IP;WLAN-Schlüssel;Eindeutige Kennung eines einzelnen Netzwerkadapters;b;Definiert die Größe eines Subnetzes.;mittel;IHK;LF3
FISI-NET-104;ALLE;NETZ-GRUND;IP;SC;Was ist Anycast?;Senden an alle;Anfrage geht an den topologisch nächsten Server einer Gruppe;Senden an einen festen PC;Gleichzeitiges Senden an alle Empfänger einer Gruppe;b;Häufig bei DNS-Servern (z.B. 8.8.8.8) im Einsatz.;schwer;IHK;LF3
FISI-NET-106;ALLE;NETZ-GRUND;WLAN;SC;Was ist Beamforming?;Ein Gehäuse-Design;Gezielte Ausrichtung des Funksignals auf den Empfänger;Eine Verschlüsselung;Verfahren zur Bündelung mehrerer Funkfrequenzen;b;Erhöht die Reichweite und Stabilität der Verbindung.;mittel;IHK;LF3
FISI-NET-107;ALLE;NETZ-GRUND;IP;SC;Was ist die CIDR-Notation?;Eine IP-Sperre;Schreibweise für Subnetzmasken (z.B. /24);Ein Routing-Protokoll;Verfahren zur Verschlüsselung von IP-Paketen;b;Gibt die Anzahl der gesetzten Bits in der Maske an.;leicht;IHK;LF3
FISI-NET-108;ALLE;NETZ-GRUND;Internet;SC;Was ist VDSL Vectoring?;Ein WLAN-Typ;Technik zur Unterdrückung von Störungen im Kupferkabel;Glasfaser-Anschluss;Verfahren zur Bündelung mehrerer DSL-Leitungen;b;Ermöglicht höhere Raten auf bestehenden Telefonleitungen.;mittel;IHK;LF9
FISI-NET-111;ALLE;NETZ-GRUND;WLAN;SC;Was ist die 802.11ax Spezifikation?;Wi-Fi 5;Wi-Fi 6;Wi-Fi 4;Wi-Fi 6E;b;Standard für hocheffiziente WLAN-Netze.;mittel;IHK;LF3
FISI-NET-112;ALLE;NETZ-GRUND;Protokolle;SC;Was macht DHCP?;Statische IPs;Dynamische Zuweisung von IP-Adressen im Netz;DNS-Auflösung;Verschlüsselung des Datenverkehrs im lokalen Netz;b;Dynamic Host Configuration Protocol.;leicht;IHK;LF9
FISI-NET-114;ALLE;NETZ-GRUND;Hardware;SC;Was ist ein Backbone?;Ein PC-Gehäuse;Hauptstrang eines Netzwerks mit hoher Kapazität;Ein Backup-System;Zentrales Gerät zur Verteilung von IP-Adressen;b;Verbindet verschiedene Teilnetze miteinander.;mittel;IHK;LF3
FISI-NET-115;ALLE;NETZ-GRUND;Protokolle;SC;Was ist der Port für HTTPS?;80;443;21;25;b;Verschlüsseltes Web-Protokoll.;leicht;IHK;LF9
FISI-NET-116;ALLE;NETZ-GRUND;IP;SC;Wofür wird IPv6 Dual Stack genutzt?;Nur IPv6;Gleichzeitiger Betrieb von IPv4 und IPv6;IP-Sperre;Verschlüsselung von IPv6-Datenpaketen;b;Wichtig für die Übergangsphase von IPv4 zu IPv6.;mittel;IHK;LF3
FISI-NET-118;ALLE;NETZ-GRUND;WLAN;SC;Was ist WPA2-PSK?;Admin-Passwort;Verschlüsselung mit einem gemeinsamen Schlüssel (Pre-Shared);Funk-Kanal;Verfahren zur automatischen IP-Vergabe im WLAN;b;Standard-Heimanwender-Verschlüsselung.;leicht;IHK;LF3
FISI-NET-119;ALLE;NETZ-GRUND;Protokolle;SC;Was macht Telnet?;Sichere Verbindung;Unverschlüsselte Fernsteuerung von Rechnern (unsicher);Mailversand;Verschlüsselter Zugriff auf entfernte Systeme;b;Sollte durch SSH ersetzt werden.;leicht;IHK;LF9
FISI-NET-120;ALLE;NETZ-GRUND;Hardware;SC;Was ist Full-Duplex?;Senden nacheinander;Gleichzeitiges Senden und Empfangen;Nur Empfangen;Abwechselndes Senden und Empfangen auf einem Kanal;b;Standard bei modernen Ethernet-Switches.;leicht;IHK;LF3
FISI-NET-121;ALLE;NETZ-GRUND;Modelle;SC;Was ist der Layer 1 im OSI-Modell?;Sicherungsschicht;Bitübertragungsschicht (Physical Layer);Vermittlungsschicht;Anwendungsschicht (Application Layer);b;Hier geht es um Kabel, Stecker und elektrische Signale.;leicht;IHK;LF3
FISI-NET-123;ALLE;NETZ-GRUND;Internet;SC;Was ist DOCSIS?;WLAN-Standard;Standard für Datenübertragung über Fernsehkabelnetze;Glasfaser-Typ;Protokoll zur Verschlüsselung von Kabelanschlüssen;b;Ermöglicht schnelles Internet via Koaxialkabel.;schwer;IHK;LF9
FISI-NET-124;ALLE;NETZ-GRUND;Dienste;SC;Was ist ein Proxy-Server?;Ein schneller Switch;Vermittler für Netzwerkverbindungen;Ein Backup-Tool;Gerät zur physikalischen Signalverstärkung;b;Kann Anonymität erhöhen oder Inhalte filtern.;mittel;IHK;LF9
FISI-NET-125;ALLE;NETZ-GRUND;Protokolle;SC;Was macht FTP (Port 21)?;E-Mails senden;Dateien zwischen Rechnern übertragen;IP-Zuweisung;Verschlüsselte Fernsteuerung von Servern;b;File Transfer Protocol.;leicht;IHK;LF9
FISI-NET-126;ALLE;NETZ-GRUND;Hardware;SC;Was ist ein Layer-2-Switch?;Ein einfacher Hub;Switch, der Daten basierend auf MAC-Adressen weiterleitet;Ein Router;Switch, der ausschließlich nach IP-Adressen filtert;b;Standardgerät in lokalen Netzwerken.;mittel;IHK;LF3
FISI-NET-127;ALLE;NETZ-GRUND;WLAN;SC;Was ist WLAN Mesh?;Ein einzelner Router;Zusammenschluss mehrerer Zugangspunkte zu einem Netz;Ein WLAN-Passwort;Verschlüsselungsverfahren für WLAN-Zugangspunkte;b;Sorgt für flächendeckendes WLAN ohne Verbindungsabbrüche.;mittel;IHK;LF3
FISI-NET-128;ALLE;NETZ-GRUND;Protokolle;SC;Wofür steht UDP?;User Data Path;User Datagram Protocol (verbindungslos);Universal Data Protocol;Unified Delivery Protocol (verbindungsorientiert);b;Schneller als TCP, aber ohne Empfangsbestätigung.;mittel;IHK;LF9
FISI-NET-129;ALLE;NETZ-GRUND;Topologie;SC;Was ist eine Vermaschte Topologie (Mesh)?;Alle in einer Reihe;Jeder Knoten ist mit mehreren anderen verbunden;Ein Stern;Alle Knoten über einen zentralen Verteiler verbunden;b;Bietet höchste Ausfallsicherheit.;schwer;IHK;LF3
FISI-NET-130;ALLE;NETZ-GRUND;Dienste;SC;Was macht NTP?;Mailversand;Synchronisation der Uhrzeit im Netzwerk;IP-Zuweisung;Überwachung der aktuellen Netzwerkauslastung;b;Network Time Protocol.;leicht;IHK;LF9
FISI-NET-132;ALLE;NETZ-GRUND;Internet;SC;Was ist Ping?;Ein Download;Messung der Zeit für ein Datenpaket zum Ziel und zurück;Eine IP-Adresse;Werkzeug zur Messung der verfügbaren Bandbreite;b;Wird zur Diagnose der Erreichbarkeit genutzt.;leicht;IHK;LF9
FISI-NET-133;ALLE;NETZ-GRUND;IP;SC;Was ist eine Private IP-Adresse?;Weltweit eindeutig;IP, die nur im lokalen Netzwerk gültig ist (z.B. 192.168.x.x);Eine Website;IP-Adresse, die exklusiv für VPN-Verbindungen reserviert ist;b;Wird im Internet nicht geroutet.;leicht;IHK;LF3
FISI-NET-134;ALLE;NETZ-GRUND;Hardware;SC;Was macht ein Repeater?;Daten filtern;Signalverstärkung zur Erhöhung der Reichweite;IPs vergeben;Trennung von Kollisionsdomänen im Netzwerk;b;Arbeitet auf Schicht 1 des OSI-Modells.;leicht;IHK;LF3
FISI-NET-135;ALLE;NETZ-GRUND;Protokolle;SC;Wofür steht ICMP?;Internet Connection Management;Internet Control Message Protocol (z.B. für Ping);Internal Control Mail Path;Interface Cable Management Protocol;b;Dient dem Austausch von Diagnose- und Fehlermeldungen.;schwer;IHK;LF9
FISI-NET-136;ALLE;NETZ-GRUND;WLAN;SC;Was ist ein WLAN-Kanal?;Ein Passwort;Frequenzbereich innerhalb eines WLAN-Bands;Ein Router-Modell;Verschlüsselungsstufe eines Funknetzes;b;Überlappende Kanäle können zu Störungen führen.;leicht;IHK;LF3
FISI-NET-138;ALLE;NETZ-GRUND;Kabel;SC;Was ist Glasfaser (LWL)?;Kupferkabel;Lichtwellenleiter zur Datenübertragung mittels Lichtsignalen;WLAN-Kabel;Funkverbindung über gerichtete Antennen;b;Ermöglicht extrem hohe Bandbreiten über weite Strecken.;leicht;IHK;LF3
FISI-NET-139;ALLE;NETZ-GRUND;Kabel;SC;Was ist STP-Kabel?;Stromkabel;Shielded Twisted Pair (geschirmtes Netzwerkkabel);Glasfaser;Ungeschirmtes Twisted-Pair-Kabel (UTP);b;Schützt vor elektromagnetischen Störungen.;mittel;IHK;LF3
FISI-NET-140;ALLE;NETZ-GRUND;Dienste;SC;Was ist ein Content Delivery Network (CDN)?;Ein neuer Browser;Netzwerk verteilter Server zur schnellen Inhaltsbereitstellung;Ein Backup-Tool;Zentraler Server zur Speicherung aller Webinhalte;b;Verringert Latenzen durch Server in Nutznähe.;mittel;IHK;LF9
FISI-NET-141;ALLE;NETZ-GRUND;WLAN;SC;Was ist Wi-Fi 6E?;Altes WLAN;Erweiterung von Wi-Fi 6 um das 6-GHz-Band;WLAN via Satellit;Erweiterung von Wi-Fi 6 um das 2,4-GHz-Band;b;Bietet mehr Kanäle und weniger Interferenzen.;schwer;IHK;LF3
FISI-NET-142;ALLE;NETZ-GRUND;IP;SC;Was ist ein Host-Anteil?;Teil der Hardware;Teil der IP-Adresse, der das Gerät im Subnetz identifiziert;Ein Routing-Eintrag;Teil der IP-Adresse, der das Netzwerk selbst identifiziert;b;Wird durch die Subnetzmaske bestimmt.;mittel;IHK;LF3
FISI-NET-146;ALLE;NETZ-GRUND;IP;SC;Was ist ein Default-Gateway?;Die eigene IP;Der Router, der Pakete in andere Netze leitet;Ein Switch-Port;Server zur Auflösung von Domainnamen in IP-Adressen;b;Wird benötigt, um das Internet zu erreichen.;leicht;IHK;LF3
FISI-NET-147;ALLE;NETZ-GRUND;Modelle;SC;Was ist Layer 3 im OSI-Modell?;Sicherungsschicht;Vermittlungsschicht (Network Layer);Transportschicht;Bitübertragungsschicht (Physical Layer);b;Hier findet das Routing statt (IP-Adressen).;leicht;IHK;LF3
FISI-NET-149;ALLE;NETZ-GRUND;Internet;SC;Was ist eine Flatrate?;Volumen-Abrechnung;Pauschalabrechnung ohne Zeit- oder Datenlimit;Nur Nacht-Tarif;Abrechnung nach tatsächlicher Verbindungsdauer;b;Standard bei DSL- und Glasfaseranschlüssen.;leicht;IHK;LF9
FISI-NET-151;ALLE;NETZ-GRUND;IP;SC;Was ist IPv4?;32-Bit-Adressierung;Veralteter Standard mit ca. 4,3 Mrd. Adressen;64-Bit-Adressierung;Nachfolgestandard von IPv6;b;Wird zunehmend durch IPv6 abgelöst.;leicht;IHK;LF3
FISI-NET-152;ALLE;NETZ-GRUND;Hardware;SC;Was ist ein Hub?;Intelligenter Switch;Einfaches Verteilergerät (sendet Daten an alle Ports);Ein Router;Gerät zur Verschlüsselung des Datenverkehrs;b;In modernen Netzen fast vollständig durch Switches ersetzt.;leicht;IHK;LF3
FISI-NET-153;ALLE;NETZ-GRUND;WLAN;SC;Was ist WPA?;Ein Router;Wi-Fi Protected Access (Verschlüsselungsstandard);Ein WLAN-Kanal;Kabelgebundener Verschlüsselungsstandard für Ethernet;b;Nachfolger des unsicheren WEP.;leicht;IHK;LF3
FISI-NET-154;ALLE;NETZ-GRUND;Protokolle;SC;Was macht SSH (Port 22)?;Unverschlüsselter Zugriff;Sicherer, verschlüsselter Fernzugriff auf Systeme;Mailversand;Unverschlüsselte Dateiübertragung zwischen Servern;b;Secure Shell.;leicht;IHK;LF9
FISI-NET-155;ALLE;NETZ-GRUND;Internet;SC;Was ist ein Proxy?;Ein schneller PC;Stellvertreter, der Anfragen im Namen des Clients stellt;Ein Virus;Hardware-Baustein zur Signalverstärkung;b;Dient der Anonymisierung oder dem Caching.;leicht;IHK;LF9
FISI-NET-157;ALLE;NETZ-GRUND;Kabel;SC;Was ist ein Twinax-Kabel?;Glasfaserkabel;Kupferkabel für kurze 10G/40G-Verbindungen (DAC);Ein Stromkabel;Funkverbindung für Rechenzentren;b;Günstige Alternative zu Glasfaser im Rack.;schwer;IHK;LF3
FISI-NET-158;ALLE;NETZ-GRUND;Internet;SC;Was ist DSL (Digital Subscriber Line)?;Glasfaser;Breitbandinternet über die Kupfer-Telefonleitung;WLAN-Typ;Mobilfunkbasierte Internetverbindung;b;Nutzt Frequenzen oberhalb des analogen Telefonbereichs.;leicht;IHK;LF9
FISI-NET-159;ALLE;NETZ-GRUND;WLAN;SC;Was ist Captive Portal?;Ein WLAN-Kanal;Anmeldeseite vor dem Zugriff auf ein (Hotspot-)WLAN;Ein IP-Filter;Verschlüsselungsverfahren für öffentliche WLANs;b;Oft in Hotels oder Cafés zu finden.;mittel;IHK;LF3
FISI-NET-160;ALLE;NETZ-GRUND;IP;SC;Was ist eine Multicast-Adresse?;An alle;Adresse für eine Gruppe von Empfängern;An einen festen PC;Adresse, die ausschließlich für Broadcasts genutzt wird;b;Effizient für Streaming in lokalen Netzen.;mittel;IHK;LF3
FISI-NET-163;ALLE;NETZ-GRUND;Hardware;SC;Was ist ein Modem?;Ein PC;Modulator/Demodulator (wandelt Signale für Übetragung);Ein Switch;Gerät zur Verteilung von IP-Adressen im LAN;b;Verbindet das Heimnetz mit dem Netz des Providers.;leicht;IHK;LF3
FISI-NET-164;ALLE;NETZ-GRUND;Protokolle;SC;Was macht FTP?;Mailversand;Protokoll zur Dateiübertragung;IP-Zuweisung;Protokoll zur verschlüsselten Fernsteuerung von Rechnern;b;File Transfer Protocol.;leicht;IHK;LF9
FISI-NET-166;ALLE;NETZ-GRUND;Internet;SC;Was ist Glasfaser (FTTH)?;Kupferkabel;Fiber to the Home (Glasfaser bis in die Wohnung);WLAN-Verstärker;Fiber to the Curb (Glasfaser bis zum Verteilerkasten);b;Ermöglicht höchste Übertragungsgeschwindigkeiten.;leicht;IHK;LF9
FISI-NET-167;ALLE;NETZ-GRUND;Dienste;SC;Was macht DNS?;IPs vergeben;Auflösung von Domainnamen in IP-Adressen;Mail-Versand;Zuweisung von MAC-Adressen zu Netzwerkgeräten;b;Domain Name System.;leicht;IHK;LF9
FISI-NET-168;ALLE;NETZ-GRUND;IP;SC;Was ist IPv6?;32-Bit-Adressen;Nachfolgestandard von IPv4 mit 128-Bit-Adressen;64-Bit-Adressen;Vorgängerstandard von IPv4 mit 16-Bit-Adressen;b;Löst das Problem der Adressknappheit.;mittel;IHK;LF3
FISI-NET-169;ALLE;NETZ-GRUND;Hardware;SC;Was macht ein Switch?;Daten an alle senden;Leitet Daten gezielt an den richtigen Port (via MAC);Vergibt IPs;Verschlüsselt den Datenverkehr im Netzwerk;b;Arbeitet auf Schicht 2 des OSI-Modells.;leicht;IHK;LF3
FISI-NET-170;ALLE;NETZ-GRUND;WLAN;SC;Was ist SSID?;Verschlüsselung;Der Name eines Funknetzwerks;Ein WLAN-Kanal;Die MAC-Adresse des Routers;b;Service Set Identifier.;leicht;IHK;LF3
FISI-NET-171;ALLE;NETZ-GRUND;IP;SC;Was ist Subnetting?;IPs löschen;Aufteilen eines großen Netzwerks in kleinere Teilnetze;WLAN-Verstärkung;Zusammenführen mehrerer Netzwerke zu einem;b;Erhöht die Sicherheit und Übersichtlichkeit.;mittel;IHK;LF3
FISI-NET-172;ALLE;NETZ-GRUND;Modelle;SC;Was ist Layer 4 im OSI-Modell?;Sicherungsschicht;Transportschicht (TCP/UDP);Anwendungsschicht;Vermittlungsschicht (Network Layer);b;Zuständig für die Ende-zu-Ende-Kommunikation.;leicht;IHK;LF3
FISI-NET-173;ALLE;NETZ-GRUND;Kabel;SC;Was ist ein PoE-Injektor?;Ein Switch;Gerät zur Einspeisung von Strom in ein Ethernet-Kabel;Ein Kabelschneider;Gerät zur Signalverstärkung von Glasfaserleitungen;b;Wird genutzt, wenn der Switch selbst kein PoE unterstützt.;leicht;IHK;LF3
FISI-NET-174;ALLE;NETZ-GRUND;Modelle;SC;Was ist Layer 7 im OSI-Modell?;Physikalische Schicht;Anwendungsschicht (Application Layer);Transport-Schicht;Sicherungsschicht (Data Link Layer);b;Schnittstelle für Anwendungen (HTTP, FTP, SMTP).;leicht;IHK;LF3
FISI-NET-175;ALLE;NETZ-GRUND;Internet;SC;Was ist Latenz?;Downloadgeschwindigkeit;Verzögerungszeit bei der Datenübertragung;Speicherkapazität;Maximale Anzahl gleichzeitiger Verbindungen;b;Wird oft in Millisekunden (ms) gemessen.;leicht;IHK;LF9
FISI-NET-178;ALLE;NETZ-GRUND;Modelle;SC;Was ist Layer 2 im OSI-Modell?;Vermittlungsschicht;Sicherungsschicht (Data Link Layer);Anwendungsschicht;Transportschicht (TCP/UDP);b;Hier arbeiten Switches und MAC-Adressen.;leicht;IHK;LF3
FISI-NET-180;ALLE;NETZ-GRUND;IP;SC;Was ist eine APIPA-Adresse?;Statische IP;Automatische IP (169.254.x.x) wenn kein DHCP da ist;WLAN-Passwort;Öffentliche IP-Adresse eines Providers;b;Automatic Private IP Addressing.;mittel;IHK;LF3
FISI-NET-181;ALLE;NETZ-GRUND;Internet;SC;Was ist Bandbreite?;PC-Gewicht;Maximale Datenübertragungsrate (z.B. Mbit/s);Kabellänge;Anzahl der angeschlossenen Geräte;b;Gibt an, wie viele Daten pro Zeit fließen können.;leicht;IHK;LF9
FISI-NET-182;ALLE;NETZ-GRUND;Dienste;SC;Was macht DNS (Port 53)?;IPs vergeben;Auflösung von Domainnamen (www.google.de) in IP-Adressen;Daten löschen;Verschlüsselung von E-Mail-Verkehr;b;Das 'Telefonbuch' des Internets.;leicht;IHK;LF9
FISI-NET-183;ALLE;NETZ-GRUND;Kabel;SC;Was ist Glasfaser?;Kupferkabel;Lichtwellenleiter zur schnellen Datenübertragung;Stromkabel;Funkbasierte Übertragungstechnik;b;Überträgt Daten via Lichtblitze statt Strom.;leicht;IHK;LF3
FISI-NET-184;ALLE;NETZ-GRUND;Hardware;SC;Was macht ein Access Point (AP)?;Verbindet Kabelnetze;Bietet drahtlosen Zugang zum Netzwerk (WLAN);Ein IP-Filter;Speichert Zugangsdaten zentral im Netz;b;Die Basis für jedes WLAN.;leicht;IHK;LF3
FISI-NET-188;ALLE;NETZ-GRUND;Kabel;SC;Was ist 'Dämpfung' (Attenuation)?;Signalverstärkung;Signalverlust über die Länge eines Kabels;Datenkompression;Absichtliche Drosselung der Bandbreite;b;Wird in Dezibel (dB) gemessen.;mittel;Zusatz;LF3
FISI-NET-189;ALLE;NETZ-GRUND;Internet;SC;Was ist Peering?;IP-Zuweisung;Direkter Datenaustausch zwischen Internetprovidern;WLAN-Verbindung;Verschlüsselter Tunnel zwischen zwei Standorten;b;Findet oft an Internet-Knoten (IXP) statt.;schwer;Zusatz;LF9
FISI-NET-191;ALLE;NETZ-GRUND;Internet;SC;Was ist eine statische IP?;Eine IP, die sich ändert;Fest zugewiesene, unveränderliche IP-Adresse;Eine WLAN-Verschlüsselung;Temporär vom DHCP-Server vergebene Adresse;b;Wichtig für Server, die von außen erreichbar sein müssen.;leicht;Zusatz;LF9
FISI-NET-192;ALLE;NETZ-GRUND;Topologie;SC;Was ist ein Mesh-Netzwerk?;Alle in Reihe;Netzwerk, in dem jeder Knoten mit vielen anderen verb. ist;Stern-Anordnung;Alle Geräte über einen zentralen Switch verbunden;b;Bietet hohe Ausfallsicherheit durch viele Pfade.;mittel;Zusatz;LF3
FISI-NET-193;ALLE;NETZ-GRUND;IP;SC;Was ist ein Standard-Gateway?;Die eigene IP;Der Router, der Pakete in andere Netzwerke schickt;Ein Switch-Port;Server zur Namensauflösung im lokalen Netz;b;Ermöglicht den Zugriff auf das Internet.;leicht;Zusatz;LF3
FISI-NET-194;ALLE;NETZ-GRUND;WLAN;SC;Was ist die 5-GHz-Frequenz?;Langsamer als 2,4 GHz;Frequenzband für schnelleres, aber kurzreichweitigeres WLAN;Radiowellen;Ausschließlich für Bluetooth-Geräte reserviertes Band;b;Weniger überlaufen als das 2,4-GHz-Band.;leicht;Zusatz;LF3
FISI-NET-195;ALLE;NETZ-GRUND;Internet;SC;Was ist ein DNS-Record (A-Record)?;Ein Mailserver;Verknüpfung eines Hostnamens mit einer IPv4-Adresse;Ein Dateiformat;Eintrag für die Weiterleitung von E-Mails;b;Zentraler Baustein der Namensauflösung.;mittel;Zusatz;LF9
FISI-NET-196;ALLE;NETZ-GRUND;Internet;SC;Was ist Ping-Wartung?;Server löschen;Überprüfung der Netzstabilität durch Ping-Befehle;Hardware-Reinigung;Automatisches Update der Geräte-Firmware;b;Dient der schnellen Diagnose von Latenzproblemen.;leicht;Zusatz;LF9
FISI-NET-199;ALLE;NETZ-GRUND;Dienste;SC;Was ist ein CNAME-Record?;Mail-Eintrag;Alias-Name im DNS, der auf einen anderen Namen verweist;IP-Adresse;Eintrag für den zuständigen Mailserver;b;Canonical Name.;mittel;Zusatz;LF9
FISI-NET-200;ALLE;NETZ-GRUND;Internet;SC;Was bedeutet Latenz (Ping)?;Downloadrate;Verzögerungszeit der Datenpakete zum Ziel und zurück;Festplattenspeed;Anzahl der unterwegs verlorenen Datenpakete;b;Besonders wichtig für Online-Gaming und VoIP.;leicht;Zusatz;LF9
FISI-NET-202;ALLE;NETZ-GRUND;WLAN;SC;Was ist Wi-Fi 6 (802.11ax)?;Altes WLAN;Moderner Standard für effizientere/schnellere Funknetze;Verschlüsselung;Bezeichnung für den 5G-Mobilfunkstandard;b;Besonders gut in Umgebungen mit vielen Geräten.;mittel;Zusatz;LF3
FISI-NET-203;ALLE;NETZ-GRUND;Internet;SC;Was ist ein CDN (Content Delivery Network)?;Ein Internetprovider;Netzwerk weltweit verteilter Server zur schnellen Inhaltslieferung;Ein WLAN-Modul;Zentraler Server für Domainregistrierung;b;Verkürzt Ladezeiten durch räumliche Nähe zum Nutzer.;mittel;Zusatz;LF9
FISI-NET-204;ALLE;NETZ-GRUND;Hardware;SC;Was macht ein Access Point?;Verbindet Kabel;Ermöglicht drahtlosen Zugang zu einem LAN (WLAN);Ein IP-Filter;Speichert Backups im lokalen Netz;b;Wird meist an einen Switch angeschlossen.;leicht;Zusatz;LF3
FISI-NET-205;ALLE;NETZ-GRUND;Protokolle;SC;Was macht das Protokoll NTP?;Dateien übertragen;Synchronisation der Uhrzeit von IT-Systemen;IPs vergeben;Überwachung der Netzwerkauslastung;b;Network Time Protocol (Port 123).;leicht;Zusatz;LF9
FISI-NET-206;ALLE;NETZ-GRUND;Internet;SC;Was ist DS-Lite (Dual Stack Lite)?;Schnelles Internet;IPv6-Anschluss mit getunnelter IPv4-Anbindung;WLAN-Name;Verschlüsselungsstandard für VPN-Verbindungen;b;Oft problematisch bei Port-Freigaben für IPv4.;schwer;Zusatz;LF9
FISI-NET-207;ALLE;NETZ-GRUND;Dienste;SC;Was ist ein MX-Record?;IP-Zuweisung;DNS-Eintrag, der den zuständigen Mailserver angibt;Webserver-Link;Alias-Eintrag für eine Subdomain;b;Mail Exchanger.;mittel;Zusatz;LF9
FISI-NET-211;ALLE;NETZ-GRUND;WLAN;SC;Was ist ein Captive Portal?;Ein WLAN-Router;Webseite zur Anmeldung in einem öffentlichen WLAN;Verschlüsselungstyp;Firewall-Regel für Gastzugänge;b;Häufig in Hotels oder Flughäfen.;leicht;Zusatz;LF3
FISI-NET-214;ALLE;NETZ-GRUND;Protokolle;SC;Was macht das Protokoll Telnet?;Verschlüsselung;Unverschlüsselte Fernsteuerung von Computern;Dateitransfer;Protokoll zur Synchronisation von Verzeichnisdiensten;b;Veraltet und unsicher (durch SSH ersetzt).;leicht;Zusatz;LF9
FISI-NET-215;ALLE;NETZ-GRUND;Hardware;SC;Was ist ein Patchkabel?;Ein Router;Kurzes Netzwerkkabel zur Verbindung im Rack;Ein WLAN-Stick;Kabel zur Stromversorgung von Netzwerkgeräten;b;Verbindet z.B. Switch und Patchpanel.;leicht;Zusatz;LF3
FISI-NET-216;ALLE;NETZ-GRUND;Protokolle;SC;Was ist ICMP?;Mail-Protokoll;Protokoll für Status- und Fehlermeldungen im Netzwerk;Web-Protokoll;Protokoll zur Verschlüsselung von Datenpaketen;b;Wird z. B. von 'ping' und 'traceroute' genutzt.;mittel;Zusatz;LF9
FISI-NET-217;ALLE;NETZ-GRUND;Internet;SC;Was ist DSLAM?;Ein Router;Gegenstelle im Telefonnetz, die DSL-Signale bündelt;Ein WLAN-Name;Endgerät beim Kunden zur Einwahl ins Internet;b;Digital Subscriber Line Access Multiplexer.;schwer;Zusatz;LF9
FISI-NET-219;ALLE;NETZ-GRUND;Internet;SC;Was ist Vectoring?;Kabelanschluss;Technik zur Reduzierung von Störsignalen bei VDSL;WLAN-Verstärkung;Verfahren zur Bündelung mehrerer Internetanschlüsse;b;Erhöht die Bandbreite auf Kupferleitungen.;mittel;Zusatz;LF9
FISI-NET-220;ALLE;NETZ-GRUND;WLAN;SC;Was ist ein Repeater?;Ein Router;Gerät zur Reichweitenverlängerung eines WLAN-Signals;Ein Switch;Gerät zur Verschlüsselung des Funksignals;b;Empfängt das Signal und sendet es verstärkt weiter.;leicht;Zusatz;LF3
FISI-NET-221;ALLE;NETZ-GRUND;IP;SC;Was ist ein Subnetz?;Ein ganzer Provider;Teilbereich eines größeren IP-Netzwerks;Ein WLAN-Passwort;Physische Verkabelung eines Rechenzentrums;b;Wird durch die Subnetzmaske definiert.;leicht;Zusatz;LF3
FISI-NET-222;ALLE;NETZ-GRUND;IP;SC;Was ist die Loopback-Adresse (IPv6)?;127.0.0.1;::1;ff02::1;fe80::1;b;Entspricht 127.0.0.1 bei IPv4.;mittel;Zusatz;LF3
FISI-NET-224;ALLE;NETZ-GRUND;WLAN;SC;Was ist Roaming (WLAN)?;Datenlöschung;Automatischer Wechsel zwischen Access Points;Verschlüsselung;Manuelle Neuanmeldung nach Verbindungsabbruch;b;Ermöglicht unterbrechungsfreie Bewegung im WLAN.;mittel;Zusatz;LF3
FISI-NET-225;ALLE;NETZ-GRUND;Protokolle;SC;Was macht das Protokoll IMAP?;Mails senden;Synchronisiert E-Mails zwischen Server und Client;IPs vergeben;Verschlüsselt E-Mail-Inhalte;b;Mails bleiben auf dem Server gespeichert.;leicht;Zusatz;LF9
FISI-NET-226;ALLE;NETZ-GRUND;Topologie;SC;Was ist eine Bus-Topologie?;Alle im Kreis;Alle Teilnehmer sind an einem gemeinsamen Kabel verbunden;Stern-Anordnung;Zentraler Verteiler mit sternförmigen Leitungen;b;Veraltet (z. B. Koaxialnetze), heute kaum noch genutzt.;leicht;Zusatz;LF3
FISI-NET-229;ALLE;NETZ-GRUND;IPv6;SC;Wie lang ist eine IPv6-Adresse?;32 Bit;128 Bit;64 Bit;256 Bit;b;Bietet einen fast unerschöpflichen Adressraum.;leicht;Zusatz;LF3
FISI-NET-231;ALLE;NETZ-GRUND;Kabel;SC;Was bedeutet 'Pair Bonding'?;Kabel löschen;Bündelung mehrerer Leitungen zur Erhöhung der Bandbreite;WLAN-Name;Verschlüsselung zweier gekoppelter Geräte;b;Wird oft bei DSL-Anschlüssen genutzt.;schwer;Zusatz;LF3
FISI-NET-233;ALLE;NETZ-GRUND;Hardware;SC;Was ist ein Router?;Verbindet Kabel;Gerät zum Verbinden unterschiedlicher Netzwerke (Layer 3);Ein Monitor;Gerät zur Signalverstärkung innerhalb eines Netzes;b;Trifft Entscheidungen über den Pfad von Paketen.;leicht;Zusatz;LF3
FISI-NET-234;ALLE;NETZ-GRUND;WLAN;SC;Was ist 5 GHz (WLAN)?;Hohe Reichweite;Frequenzband mit höherem Durchsatz aber geringerer Reichweite;Altes WLAN;Ausschließlich für Bluetooth genutztes Frequenzband;b;Weniger überlaufen als das 2,4-GHz-Band.;leicht;Zusatz;LF3
FISI-NET-236;ALLE;NETZ-GRUND;Protokolle;SC;Was macht das Protokoll FTP?;Mails senden;Protokoll zur Übertragung von Dateien im Netzwerk;IPs vergeben;Verschlüsselung von Netzwerkverkehr;b;File Transfer Protocol (Port 20/21).;leicht;Zusatz;LF9
